{
  "gold_queries": 200,
  "ner": {
    "rules_regex": {
      "micro_precision": 0.6730769230769231,
      "micro_recall": 0.49528301886792453,
      "micro_f1": 0.5706521739130436
    },
    "crf": {
      "micro_precision": 0.6676829268292683,
      "micro_recall": 0.5165094339622641,
      "micro_f1": 0.5824468085106382
    }
  },
  "attr_type": {
    "n_gold_attr_spans": 91,
    "teacher_agree": 0.6813,
    "clf_agree": 0.5165
  }
}