{
  "gold_queries": 200,
  "ner": {
    "rules_regex": {
      "micro_precision": 0.6688102893890675,
      "micro_recall": 0.49056603773584906,
      "micro_f1": 0.5659863945578232
    },
    "crf": {
      "micro_precision": 0.6819571865443425,
      "micro_recall": 0.5259433962264151,
      "micro_f1": 0.5938748335552597
    }
  },
  "attr_type": {
    "n_gold_attr_spans": 91,
    "teacher_agree": 0.6813,
    "clf_agree": 0.5165
  }
}