model,accuracy,f1_macro,f1_micro,f1_weighted,multi_f1_macro,f1_UNKNOWN
sgd_span_ctx_masked,0.9353099730458221,0.8890133373629371,0.9353099730458221,0.9353225245404818,0.881457011746944,0.8372093023255814
logreg_span_char,0.9209344115004492,0.885627083537977,0.9209344115004492,0.9165180474890663,0.8878408628408627,0.7155172413793104
logreg_span_ctx,0.9209344115004492,0.877079251450328,0.9209344115004492,0.9174013873437459,0.8791527989828735,0.7435897435897436
logreg_span_wordchar,0.9146451033243486,0.8765325648534994,0.9146451033243486,0.9129323728525305,0.8733010184097141,0.721030042918455
markov_lookup,0.6909254267744834,0.619145266888869,0.6909254267744834,0.7148105430902878,0.6937729389027523,0.011869436201780416
